city,code,year,category,population
서울특별시  ,11,2014,총인구수,10103233
부산광역시  ,26,2014,총인구수,3519401
대구광역시  ,27,2014,총인구수,2493264
인천광역시  ,28,2014,총인구수,2902608
광주광역시  ,29,2014,총인구수,1475884
대전광역시  ,30,2014,총인구수,1531809
울산광역시  ,31,2014,총인구수,1166377
세종특별자치시  ,36,2014,총인구수,156125
경기도  ,41,2014,총인구수,12357830
강원도  ,42,2014,총인구수,1544442
충청북도  ,43,2014,총인구수,1578933
충청남도  ,44,2014,총인구수,2062273
전라북도  ,45,2014,총인구수,1871560
전라남도  ,46,2014,총인구수,1905780
경상북도  ,47,2014,총인구수,2700794
경상남도  ,48,2014,총인구수,3350257
제주특별자치도  ,50,2014,총인구수,607346
서울특별시  ,11,2014,세대수,4194176
부산광역시  ,26,2014,세대수,1421648
대구광역시  ,27,2014,세대수,970618
인천광역시  ,28,2014,세대수,1136280
광주광역시  ,29,2014,세대수,573043
대전광역시  ,30,2014,세대수,592508
울산광역시  ,31,2014,세대수,442250
세종특별자치시  ,36,2014,세대수,62807
경기도  ,41,2014,세대수,4786718
강원도  ,42,2014,세대수,673978
충청북도  ,43,2014,세대수,656321
충청남도  ,44,2014,세대수,871459
전라북도  ,45,2014,세대수,774562
전라남도  ,46,2014,세대수,823667
경상북도  ,47,2014,세대수,1153559
경상남도  ,48,2014,세대수,1343984
제주특별자치도  ,50,2014,세대수,246516
서울특별시  ,11,2014,남자 인구수,4979768
부산광역시  ,26,2014,남자 인구수,1740417
대구광역시  ,27,2014,남자 인구수,1241119
인천광역시  ,28,2014,남자 인구수,1459074
광주광역시  ,29,2014,남자 인구수,731339
대전광역시  ,30,2014,남자 인구수,766497
울산광역시  ,31,2014,남자 인구수,600904
세종특별자치시  ,36,2014,남자 인구수,78862
경기도  ,41,2014,남자 인구수,6219813
강원도  ,42,2014,남자 인구수,778007
충청북도  ,43,2014,남자 인구수,796141
충청남도  ,44,2014,남자 인구수,1045892
전라북도  ,45,2014,남자 인구수,931536
전라남도  ,46,2014,남자 인구수,951975
경상북도  ,47,2014,남자 인구수,1356182
경상남도  ,48,2014,남자 인구수,1687114
제주특별자치도  ,50,2014,남자 인구수,304656
서울특별시  ,11,2014,여자 인구수,5123465
부산광역시  ,26,2014,여자 인구수,1778984
대구광역시  ,27,2014,여자 인구수,1252145
인천광역시  ,28,2014,여자 인구수,1443534
광주광역시  ,29,2014,여자 인구수,744545
대전광역시  ,30,2014,여자 인구수,765312
울산광역시  ,31,2014,여자 인구수,565473
세종특별자치시  ,36,2014,여자 인구수,77263
경기도  ,41,2014,여자 인구수,6138017
강원도  ,42,2014,여자 인구수,766435
충청북도  ,43,2014,여자 인구수,782792
충청남도  ,44,2014,여자 인구수,1016381
전라북도  ,45,2014,여자 인구수,940024
전라남도  ,46,2014,여자 인구수,953805
경상북도  ,47,2014,여자 인구수,1344612
경상남도  ,48,2014,여자 인구수,1663143
제주특별자치도  ,50,2014,여자 인구수,302690
서울특별시  ,11,2015,총인구수,10022181
부산광역시  ,26,2015,총인구수,3513777
대구광역시  ,27,2015,총인구수,2487829
인천광역시  ,28,2015,총인구수,2925815
광주광역시  ,29,2015,총인구수,1472199
대전광역시  ,30,2015,총인구수,1518775
울산광역시  ,31,2015,총인구수,1173534
세종특별자치시  ,36,2015,총인구수,210884
경기도  ,41,2015,총인구수,12522606
강원도  ,42,2015,총인구수,1549507
충청북도  ,43,2015,총인구수,1583952
충청남도  ,44,2015,총인구수,2077649
전라북도  ,45,2015,총인구수,1869711
전라남도  ,46,2015,총인구수,1908996
경상북도  ,47,2015,총인구수,2702826
경상남도  ,48,2015,총인구수,3364702
제주특별자치도  ,50,2015,총인구수,624395
서울특별시  ,11,2015,세대수,4189948
부산광역시  ,26,2015,세대수,1437818
대구광역시  ,27,2015,세대수,982360
인천광역시  ,28,2015,세대수,1154004
광주광역시  ,29,2015,세대수,580427
대전광역시  ,30,2015,세대수,597008
울산광역시  ,31,2015,세대수,451688
세종특별자치시  ,36,2015,세대수,81806
경기도  ,41,2015,세대수,4885012
강원도  ,42,2015,세대수,685005
충청북도  ,43,2015,세대수,669503
충청남도  ,44,2015,세대수,885968
전라북도  ,45,2015,세대수,782986
전라남도  ,46,2015,세대수,833901
경상북도  ,47,2015,세대수,1169648
경상남도  ,48,2015,세대수,1367142
제주특별자치도  ,50,2015,세대수,256928
서울특별시  ,11,2015,남자 인구수,4930943
부산광역시  ,26,2015,남자 인구수,1735570
대구광역시  ,27,2015,남자 인구수,1237291
인천광역시  ,28,2015,남자 인구수,1469869
광주광역시  ,29,2015,남자 인구수,729662
대전광역시  ,30,2015,남자 인구수,759778
울산광역시  ,31,2015,남자 인구수,604889
세종특별자치시  ,36,2015,남자 인구수,105752
경기도  ,41,2015,남자 인구수,6299812
강원도  ,42,2015,남자 인구수,781434
충청북도  ,43,2015,남자 인구수,798896
충청남도  ,44,2015,남자 인구수,1054439
전라북도  ,45,2015,남자 인구수,930255
전라남도  ,46,2015,남자 인구수,953881
경상북도  ,47,2015,남자 인구수,1357306
경상남도  ,48,2015,남자 인구수,1694981
제주특별자치도  ,50,2015,남자 인구수,313428
서울특별시  ,11,2015,여자 인구수,5091238
부산광역시  ,26,2015,여자 인구수,1778207
대구광역시  ,27,2015,여자 인구수,1250538
인천광역시  ,28,2015,여자 인구수,1455946
광주광역시  ,29,2015,여자 인구수,742537
대전광역시  ,30,2015,여자 인구수,758997
울산광역시  ,31,2015,여자 인구수,568645
세종특별자치시  ,36,2015,여자 인구수,105132
경기도  ,41,2015,여자 인구수,6222794
강원도  ,42,2015,여자 인구수,768073
충청북도  ,43,2015,여자 인구수,785056
충청남도  ,44,2015,여자 인구수,1023210
전라북도  ,45,2015,여자 인구수,939456
전라남도  ,46,2015,여자 인구수,955115
경상북도  ,47,2015,여자 인구수,1345520
경상남도  ,48,2015,여자 인구수,1669721
제주특별자치도  ,50,2015,여자 인구수,310967
서울특별시  ,11,2016,총인구수,9930616
부산광역시  ,26,2016,총인구수,3498529
대구광역시  ,27,2016,총인구수,2484557
인천광역시  ,28,2016,총인구수,2943069
광주광역시  ,29,2016,총인구수,1469214
대전광역시  ,30,2016,총인구수,1514370
울산광역시  ,31,2016,총인구수,1172304
세종특별자치시  ,36,2016,총인구수,243048
경기도  ,41,2016,총인구수,12716780
강원도  ,42,2016,총인구수,1550806
충청북도  ,43,2016,총인구수,1591625
충청남도  ,44,2016,총인구수,2096727
전라북도  ,45,2016,총인구수,1864791
전라남도  ,46,2016,총인구수,1903914
경상북도  ,47,2016,총인구수,2700398
경상남도  ,48,2016,총인구수,3373871
제주특별자치도  ,50,2016,총인구수,641597
서울특별시  ,11,2016,세대수,4189839
부산광역시  ,26,2016,세대수,1451270
대구광역시  ,27,2016,세대수,994220
인천광역시  ,28,2016,세대수,1171399
광주광역시  ,29,2016,세대수,586464
대전광역시  ,30,2016,세대수,606137
울산광역시  ,31,2016,세대수,455352
세종특별자치시  ,36,2016,세대수,94343
경기도  ,41,2016,세대수,5003406
강원도  ,42,2016,세대수,692254
충청북도  ,43,2016,세대수,680960
충청남도  ,44,2016,세대수,902294
전라북도  ,45,2016,세대수,790084
전라남도  ,46,2016,세대수,842688
경상북도  ,47,2016,세대수,1180643
경상남도  ,48,2016,세대수,1385684
제주특별자치도  ,50,2016,세대수,266972
서울특별시  ,11,2016,남자 인구수,4876789
부산광역시  ,26,2016,남자 인구수,1725607
대구광역시  ,27,2016,남자 인구수,1234169
인천광역시  ,28,2016,남자 인구수,1477671
광주광역시  ,29,2016,남자 인구수,728137
대전광역시  ,30,2016,남자 인구수,757289
울산광역시  ,31,2016,남자 인구수,603797
세종특별자치시  ,36,2016,남자 인구수,121505
경기도  ,41,2016,남자 인구수,6395453
강원도  ,42,2016,남자 인구수,781146
충청북도  ,43,2016,남자 인구수,803240
충청남도  ,44,2016,남자 인구수,1064765
전라북도  ,45,2016,남자 인구수,927505
전라남도  ,46,2016,남자 인구수,951889
경상북도  ,47,2016,남자 인구수,1356868
경상남도  ,48,2016,남자 인구수,1699219
제주특별자치도  ,50,2016,남자 인구수,322545
서울특별시  ,11,2016,여자 인구수,5053827
부산광역시  ,26,2016,여자 인구수,1772922
대구광역시  ,27,2016,여자 인구수,1250388
인천광역시  ,28,2016,여자 인구수,1465398
광주광역시  ,29,2016,여자 인구수,741077
대전광역시  ,30,2016,여자 인구수,757081
울산광역시  ,31,2016,여자 인구수,568507
세종특별자치시  ,36,2016,여자 인구수,121543
경기도  ,41,2016,여자 인구수,6321327
강원도  ,42,2016,여자 인구수,769660
충청북도  ,43,2016,여자 인구수,788385
충청남도  ,44,2016,여자 인구수,1031962
전라북도  ,45,2016,여자 인구수,937286
전라남도  ,46,2016,여자 인구수,952025
경상북도  ,47,2016,여자 인구수,1343530
경상남도  ,48,2016,여자 인구수,1674652
제주특별자치도  ,50,2016,여자 인구수,319052
서울특별시  ,11,2017,총인구수,9857426
부산광역시  ,26,2017,총인구수,3470653
대구광역시  ,27,2017,총인구수,2475231
인천광역시  ,28,2017,총인구수,2948542
광주광역시  ,29,2017,총인구수,1463770
대전광역시  ,30,2017,총인구수,1502227
울산광역시  ,31,2017,총인구수,1165132
세종특별자치시  ,36,2017,총인구수,280100
경기도  ,41,2017,총인구수,12873895
강원도  ,42,2017,총인구수,1550142
충청북도  ,43,2017,총인구수,1594432
충청남도  ,44,2017,총인구수,2116770
전라북도  ,45,2017,총인구수,1854607
전라남도  ,46,2017,총인구수,1896424
경상북도  ,47,2017,총인구수,2691706
경상남도  ,48,2017,총인구수,3380404
제주특별자치도  ,50,2017,총인구수,657083
서울특별시  ,11,2017,세대수,4220082
부산광역시  ,26,2017,세대수,1467555
대구광역시  ,27,2017,세대수,1006753
인천광역시  ,28,2017,세대수,1188917
광주광역시  ,29,2017,세대수,592818
대전광역시  ,30,2017,세대수,614639
울산광역시  ,31,2017,세대수,458547
세종특별자치시  ,36,2017,세대수,109490
경기도  ,41,2017,세대수,5131379
강원도  ,42,2017,세대수,700265
충청북도  ,43,2017,세대수,692140
충청남도  ,44,2017,세대수,923499
전라북도  ,45,2017,세대수,797916
전라남도  ,46,2017,세대수,851376
경상북도  ,47,2017,세대수,1193261
경상남도  ,48,2017,세대수,1406011
제주특별자치도  ,50,2017,세대수,278203
서울특별시  ,11,2017,남자 인구수,4830206
부산광역시  ,26,2017,남자 인구수,1709508
대구광역시  ,27,2017,남자 인구수,1227814
인천광역시  ,28,2017,남자 인구수,1479597
광주광역시  ,29,2017,남자 인구수,725295
대전광역시  ,30,2017,남자 인구수,750969
울산광역시  ,31,2017,남자 인구수,599480
세종특별자치시  ,36,2017,남자 인구수,139734
경기도  ,41,2017,남자 인구수,6475323
강원도  ,42,2017,남자 인구수,780635
충청북도  ,43,2017,남자 인구수,805091
충청남도  ,44,2017,남자 인구수,1076270
전라북도  ,45,2017,남자 인구수,922307
전라남도  ,46,2017,남자 인구수,948290
경상북도  ,47,2017,남자 인구수,1353164
경상남도  ,48,2017,남자 인구수,1701413
제주특별자치도  ,50,2017,남자 인구수,330823
서울특별시  ,11,2017,여자 인구수,5027220
부산광역시  ,26,2017,여자 인구수,1761145
대구광역시  ,27,2017,여자 인구수,1247417
인천광역시  ,28,2017,여자 인구수,1468945
광주광역시  ,29,2017,여자 인구수,738475
대전광역시  ,30,2017,여자 인구수,751258
울산광역시  ,31,2017,여자 인구수,565652
세종특별자치시  ,36,2017,여자 인구수,140366
경기도  ,41,2017,여자 인구수,6398572
강원도  ,42,2017,여자 인구수,769507
충청북도  ,43,2017,여자 인구수,789341
충청남도  ,44,2017,여자 인구수,1040500
전라북도  ,45,2017,여자 인구수,932300
전라남도  ,46,2017,여자 인구수,948134
경상북도  ,47,2017,여자 인구수,1338542
경상남도  ,48,2017,여자 인구수,1678991
제주특별자치도  ,50,2017,여자 인구수,326260
서울특별시  ,11,2018,총인구수,9765623
부산광역시  ,26,2018,총인구수,3441453
대구광역시  ,27,2018,총인구수,2461769
인천광역시  ,28,2018,총인구수,2954642
광주광역시  ,29,2018,총인구수,1459336
대전광역시  ,30,2018,총인구수,1489936
울산광역시  ,31,2018,총인구수,1155623
세종특별자치시  ,36,2018,총인구수,314126
경기도  ,41,2018,총인구수,13077153
강원도  ,42,2018,총인구수,1543052
충청북도  ,43,2018,총인구수,1599252
충청남도  ,44,2018,총인구수,2126282
전라북도  ,45,2018,총인구수,1836832
전라남도  ,46,2018,총인구수,1882970
경상북도  ,47,2018,총인구수,2676831
경상남도  ,48,2018,총인구수,3373988
제주특별자치도  ,50,2018,총인구수,667191
서울특별시  ,11,2018,세대수,4263868
부산광역시  ,26,2018,세대수,1480468
대구광역시  ,27,2018,세대수,1021266
인천광역시  ,28,2018,세대수,1213201
광주광역시  ,29,2018,세대수,603107
대전광역시  ,30,2018,세대수,624965
울산광역시  ,31,2018,세대수,461756
세종특별자치시  ,36,2018,세대수,123762
경기도  ,41,2018,세대수,5306214
강원도  ,42,2018,세대수,707245
충청북도  ,43,2018,세대수,707220
충청남도  ,44,2018,세대수,943611
전라북도  ,45,2018,세대수,806235
전라남도  ,46,2018,세대수,860303
경상북도  ,47,2018,세대수,1207351
경상남도  ,48,2018,세대수,1425271
제주특별자치도  ,50,2018,세대수,287104
서울특별시  ,11,2018,남자 인구수,4773899
부산광역시  ,26,2018,남자 인구수,1692421
대구광역시  ,27,2018,남자 인구수,1219342
인천광역시  ,28,2018,남자 인구수,1481844
광주광역시  ,29,2018,남자 인구수,722581
대전광역시  ,30,2018,남자 인구수,744338
울산광역시  ,31,2018,남자 인구수,593819
세종특별자치시  ,36,2018,남자 인구수,156831
경기도  ,41,2018,남자 인구수,6577501
강원도  ,42,2018,남자 인구수,776456
충청북도  ,43,2018,남자 인구수,808971
충청남도  ,44,2018,남자 인구수,1082009
전라북도  ,45,2018,남자 인구수,913297
전라남도  ,46,2018,남자 인구수,943000
경상북도  ,47,2018,남자 인구수,1346689
경상남도  ,48,2018,남자 인구수,1697412
제주특별자치도  ,50,2018,남자 인구수,335719
서울특별시  ,11,2018,여자 인구수,4991724
부산광역시  ,26,2018,여자 인구수,1749032
대구광역시  ,27,2018,여자 인구수,1242427
인천광역시  ,28,2018,여자 인구수,1472798
광주광역시  ,29,2018,여자 인구수,736755
대전광역시  ,30,2018,여자 인구수,745598
울산광역시  ,31,2018,여자 인구수,561804
세종특별자치시  ,36,2018,여자 인구수,157295
경기도  ,41,2018,여자 인구수,6499652
강원도  ,42,2018,여자 인구수,766596
충청북도  ,43,2018,여자 인구수,790281
충청남도  ,44,2018,여자 인구수,1044273
전라북도  ,45,2018,여자 인구수,923535
전라남도  ,46,2018,여자 인구수,939970
경상북도  ,47,2018,여자 인구수,1330142
경상남도  ,48,2018,여자 인구수,1676576
제주특별자치도  ,50,2018,여자 인구수,331472
서울특별시  ,11,2019,총인구수,9729107
부산광역시  ,26,2019,총인구수,3413841
대구광역시  ,27,2019,총인구수,2438031
인천광역시  ,28,2019,총인구수,2957026
광주광역시  ,29,2019,총인구수,1456468
대전광역시  ,30,2019,총인구수,1474870
울산광역시  ,31,2019,총인구수,1148019
세종특별자치시  ,36,2019,총인구수,340575
경기도  ,41,2019,총인구수,13239666
강원도  ,42,2019,총인구수,1541502
충청북도  ,43,2019,총인구수,1600007
충청남도  ,44,2019,총인구수,2123709
전라북도  ,45,2019,총인구수,1818917
전라남도  ,46,2019,총인구수,1868745
경상북도  ,47,2019,총인구수,2665836
경상남도  ,48,2019,총인구수,3362553
제주특별자치도  ,50,2019,총인구수,670989
서울특별시  ,11,2019,세대수,4327605
부산광역시  ,26,2019,세대수,1497908
대구광역시  ,27,2019,세대수,1031251
인천광역시  ,28,2019,세대수,1238641
광주광역시  ,29,2019,세대수,616485
대전광역시  ,30,2019,세대수,635343
울산광역시  ,31,2019,세대수,468659
세종특별자치시  ,36,2019,세대수,135408
경기도  ,41,2019,세대수,5468920
강원도  ,42,2019,세대수,719524
충청북도  ,43,2019,세대수,722123
충청남도  ,44,2019,세대수,959255
전라북도  ,45,2019,세대수,816191
전라남도  ,46,2019,세대수,872628
경상북도  ,47,2019,세대수,1227548
경상남도  ,48,2019,세대수,1450822
제주특별자치도  ,50,2019,세대수,293155
서울특별시  ,11,2019,남자 인구수,4744059
부산광역시  ,26,2019,남자 인구수,1675417
대구광역시  ,27,2019,남자 인구수,1205286
인천광역시  ,28,2019,남자 인구수,1482249
광주광역시  ,29,2019,남자 인구수,720740
대전광역시  ,30,2019,남자 인구수,736607
울산광역시  ,31,2019,남자 인구수,589712
세종특별자치시  ,36,2019,남자 인구수,169845
경기도  ,41,2019,남자 인구수,6659995
강원도  ,42,2019,남자 인구수,775386
충청북도  ,43,2019,남자 인구수,810384
충청남도  ,44,2019,남자 인구수,1081938
전라북도  ,45,2019,남자 인구수,904110
전라남도  ,46,2019,남자 인구수,937674
경상북도  ,47,2019,남자 인구수,1342037
경상남도  ,48,2019,남자 인구수,1692032
제주특별자치도  ,50,2019,남자 인구수,337345
서울특별시  ,11,2019,여자 인구수,4985048
부산광역시  ,26,2019,여자 인구수,1738424
대구광역시  ,27,2019,여자 인구수,1232745
인천광역시  ,28,2019,여자 인구수,1474777
광주광역시  ,29,2019,여자 인구수,735728
대전광역시  ,30,2019,여자 인구수,738263
울산광역시  ,31,2019,여자 인구수,558307
세종특별자치시  ,36,2019,여자 인구수,170730
경기도  ,41,2019,여자 인구수,6579671
강원도  ,42,2019,여자 인구수,766116
충청북도  ,43,2019,여자 인구수,789623
충청남도  ,44,2019,여자 인구수,1041771
전라북도  ,45,2019,여자 인구수,914807
전라남도  ,46,2019,여자 인구수,931071
경상북도  ,47,2019,여자 인구수,1323799
경상남도  ,48,2019,여자 인구수,1670521
제주특별자치도  ,50,2019,여자 인구수,333644
서울특별시  ,11,2020,총인구수,9668465
부산광역시  ,26,2020,총인구수,3391946
대구광역시  ,27,2020,총인구수,2418346
인천광역시  ,28,2020,총인구수,2942828
광주광역시  ,29,2020,총인구수,1450062
대전광역시  ,30,2020,총인구수,1463882
울산광역시  ,31,2020,총인구수,1136017
세종특별자치시  ,36,2020,총인구수,355831
경기도  ,41,2020,총인구수,13427014
강원도  ,42,2020,총인구수,1542840
충청북도  ,43,2020,총인구수,1600837
충청남도  ,44,2020,총인구수,2121029
전라북도  ,45,2020,총인구수,1804104
전라남도  ,46,2020,총인구수,1851549
경상북도  ,47,2020,총인구수,2639422
경상남도  ,48,2020,총인구수,3340216
제주특별자치도  ,50,2020,총인구수,674635
서울특별시  ,11,2020,세대수,4417954
부산광역시  ,26,2020,세대수,1530431
대구광역시  ,27,2020,세대수,1056627
인천광역시  ,28,2020,세대수,1267956
광주광역시  ,29,2020,세대수,633582
대전광역시  ,30,2020,세대수,652783
울산광역시  ,31,2020,세대수,476893
세종특별자치시  ,36,2020,세대수,144275
경기도  ,41,2020,세대수,5676401
강원도  ,42,2020,세대수,736301
충청북도  ,43,2020,세대수,745644
충청남도  ,44,2020,세대수,983153
전라북도  ,45,2020,세대수,836660
전라남도  ,46,2020,세대수,893152
경상북도  ,47,2020,세대수,1254662
경상남도  ,48,2020,세대수,1484601
제주특별자치도  ,50,2020,세대수,302033
서울특별시  ,11,2020,남자 인구수,4701723
부산광역시  ,26,2020,남자 인구수,1661000
대구광역시  ,27,2020,남자 인구수,1193109
인천광역시  ,28,2020,남자 인구수,1473943
광주광역시  ,29,2020,남자 인구수,717348
대전광역시  ,30,2020,남자 인구수,730699
울산광역시  ,31,2020,남자 인구수,583708
세종특별자치시  ,36,2020,남자 인구수,177568
경기도  ,41,2020,남자 인구수,6754469
강원도  ,42,2020,남자 인구수,776505
충청북도  ,43,2020,남자 인구수,811591
충청남도  ,44,2020,남자 인구수,1082634
전라북도  ,45,2020,남자 인구수,896874
전라남도  ,46,2020,남자 인구수,930615
경상북도  ,47,2020,남자 인구수,1329211
경상남도  ,48,2020,남자 인구수,1681423
제주특별자치도  ,50,2020,남자 인구수,338609
서울특별시  ,11,2020,여자 인구수,4966742
부산광역시  ,26,2020,여자 인구수,1730946
대구광역시  ,27,2020,여자 인구수,1225237
인천광역시  ,28,2020,여자 인구수,1468885
광주광역시  ,29,2020,여자 인구수,732714
대전광역시  ,30,2020,여자 인구수,733183
울산광역시  ,31,2020,여자 인구수,552309
세종특별자치시  ,36,2020,여자 인구수,178263
경기도  ,41,2020,여자 인구수,6672545
강원도  ,42,2020,여자 인구수,766335
충청북도  ,43,2020,여자 인구수,789246
충청남도  ,44,2020,여자 인구수,1038395
전라북도  ,45,2020,여자 인구수,907230
전라남도  ,46,2020,여자 인구수,920934
경상북도  ,47,2020,여자 인구수,1310211
경상남도  ,48,2020,여자 인구수,1658793
제주특별자치도  ,50,2020,여자 인구수,336026
서울특별시  ,11,2021,총인구수,9509458
부산광역시  ,26,2021,총인구수,3350380
대구광역시  ,27,2021,총인구수,2385412
인천광역시  ,28,2021,총인구수,2948375
광주광역시  ,29,2021,총인구수,1441611
대전광역시  ,30,2021,총인구수,1452251
울산광역시  ,31,2021,총인구수,1121592
세종특별자치시  ,36,2021,총인구수,371895
경기도  ,41,2021,총인구수,13565450
강원도  ,42,2021,총인구수,1538492
충청북도  ,43,2021,총인구수,1597427
충청남도  ,44,2021,총인구수,2119257
전라북도  ,45,2021,총인구수,1786855
전라남도  ,46,2021,총인구수,1832803
경상북도  ,47,2021,총인구수,2626609
경상남도  ,48,2021,총인구수,3314183
제주특별자치도  ,50,2021,총인구수,676759
서울특별시  ,11,2021,세대수,4426007
부산광역시  ,26,2021,세대수,1544663
대구광역시  ,27,2021,세대수,1063893
인천광역시  ,28,2021,세대수,1298647
광주광역시  ,29,2021,세대수,645712
대전광역시  ,30,2021,세대수,664417
울산광역시  ,31,2021,세대수,482650
세종특별자치시  ,36,2021,세대수,153649
경기도  ,41,2021,세대수,5841995
강원도  ,42,2021,세대수,746220
충청북도  ,43,2021,세대수,760672
충청남도  ,44,2021,세대수,1001915
전라북도  ,45,2021,세대수,849001
전라남도  ,46,2021,세대수,903108
경상북도  ,47,2021,세대수,1276846
경상남도  ,48,2021,세대수,1505971
제주특별자치도  ,50,2021,세대수,307529
서울특별시  ,11,2021,남자 인구수,4618040
부산광역시  ,26,2021,남자 인구수,1639044
대구광역시  ,27,2021,남자 인구수,1175632
인천광역시  ,28,2021,남자 인구수,1476373
광주광역시  ,29,2021,남자 인구수,713015
대전광역시  ,30,2021,남자 인구수,724626
울산광역시  ,31,2021,남자 인구수,576217
세종특별자치시  ,36,2021,남자 인구수,185678
경기도  ,41,2021,남자 인구수,6827298
강원도  ,42,2021,남자 인구수,774332
충청북도  ,43,2021,남자 인구수,810672
충청남도  ,44,2021,남자 인구수,1083366
전라북도  ,45,2021,남자 인구수,888994
전라남도  ,46,2021,남자 인구수,922221
경상북도  ,47,2021,남자 인구수,1323661
경상남도  ,48,2021,남자 인구수,1668338
제주특별자치도  ,50,2021,남자 인구수,339177
서울특별시  ,11,2021,여자 인구수,4891418
부산광역시  ,26,2021,여자 인구수,1711336
대구광역시  ,27,2021,여자 인구수,1209780
인천광역시  ,28,2021,여자 인구수,1472002
광주광역시  ,29,2021,여자 인구수,728596
대전광역시  ,30,2021,여자 인구수,727625
울산광역시  ,31,2021,여자 인구수,545375
세종특별자치시  ,36,2021,여자 인구수,186217
경기도  ,41,2021,여자 인구수,6738152
강원도  ,42,2021,여자 인구수,764160
충청북도  ,43,2021,여자 인구수,786755
충청남도  ,44,2021,여자 인구수,1035891
전라북도  ,45,2021,여자 인구수,897861
전라남도  ,46,2021,여자 인구수,910582
경상북도  ,47,2021,여자 인구수,1302948
경상남도  ,48,2021,여자 인구수,1645845
제주특별자치도  ,50,2021,여자 인구수,337582
서울특별시  ,11,2022,총인구수,9428372
부산광역시  ,26,2022,총인구수,3317812
대구광역시  ,27,2022,총인구수,2363691
인천광역시  ,28,2022,총인구수,2967314
광주광역시  ,29,2022,총인구수,1431050
대전광역시  ,30,2022,총인구수,1446072
울산광역시  ,31,2022,총인구수,1110663
세종특별자치시  ,36,2022,총인구수,383591
경기도  ,41,2022,총인구수,13589432
강원도  ,42,2022,총인구수,1536498
충청북도  ,43,2022,총인구수,1595058
충청남도  ,44,2022,총인구수,2123037
전라북도  ,45,2022,총인구수,1769607
전라남도  ,46,2022,총인구수,1817697
경상북도  ,47,2022,총인구수,2600492
경상남도  ,48,2022,총인구수,3280493
제주특별자치도  ,50,2022,총인구수,678159
서울특별시  ,11,2022,세대수,4446296
부산광역시  ,26,2022,세대수,1555867
대구광역시  ,27,2022,세대수,1070873
인천광역시  ,28,2022,세대수,1322632
광주광역시  ,29,2022,세대수,652355
대전광역시  ,30,2022,세대수,673429
울산광역시  ,31,2022,세대수,486143
세종특별자치시  ,36,2022,세대수,159386
경기도  ,41,2022,세대수,5913694
강원도  ,42,2022,세대수,755481
충청북도  ,43,2022,세대수,771848
충청남도  ,44,2022,세대수,1019093
전라북도  ,45,2022,세대수,855849
전라남도  ,46,2022,세대수,907710
경상북도  ,47,2022,세대수,1286873
경상남도  ,48,2022,세대수,1516930
제주특별자치도  ,50,2022,세대수,311355
서울특별시  ,11,2022,남자 인구수,4570048
부산광역시  ,26,2022,남자 인구수,1619915
대구광역시  ,27,2022,남자 인구수,1162865
인천광역시  ,28,2022,남자 인구수,1485175
광주광역시  ,29,2022,남자 인구수,707299
대전광역시  ,30,2022,남자 인구수,721245
울산광역시  ,31,2022,남자 인구수,570368
세종특별자치시  ,36,2022,남자 인구수,191389
경기도  ,41,2022,남자 인구수,6839276
강원도  ,42,2022,남자 인구수,772947
충청북도  ,43,2022,남자 인구수,810782
충청남도  ,44,2022,남자 인구수,1086632
전라북도  ,45,2022,남자 인구수,880592
전라남도  ,46,2022,남자 인구수,915272
경상북도  ,47,2022,남자 인구수,1311881
경상남도  ,48,2022,남자 인구수,1651675
제주특별자치도  ,50,2022,남자 인구수,339590
서울특별시  ,11,2022,여자 인구수,4858324
부산광역시  ,26,2022,여자 인구수,1697897
대구광역시  ,27,2022,여자 인구수,1200826
인천광역시  ,28,2022,여자 인구수,1482139
광주광역시  ,29,2022,여자 인구수,723751
대전광역시  ,30,2022,여자 인구수,724827
울산광역시  ,31,2022,여자 인구수,540295
세종특별자치시  ,36,2022,여자 인구수,192202
경기도  ,41,2022,여자 인구수,6750156
강원도  ,42,2022,여자 인구수,763551
충청북도  ,43,2022,여자 인구수,784276
충청남도  ,44,2022,여자 인구수,1036405
전라북도  ,45,2022,여자 인구수,889015
전라남도  ,46,2022,여자 인구수,902425
경상북도  ,47,2022,여자 인구수,1288611
경상남도  ,48,2022,여자 인구수,1628818
제주특별자치도  ,50,2022,여자 인구수,338569
서울특별시  ,11,2023,총인구수,9386034
부산광역시  ,26,2023,총인구수,3293362
대구광역시  ,27,2023,총인구수,2374960
인천광역시  ,28,2023,총인구수,2997410
광주광역시  ,29,2023,총인구수,1419237
대전광역시  ,30,2023,총인구수,1442216
울산광역시  ,31,2023,총인구수,1103661
세종특별자치시  ,36,2023,총인구수,386525
경기도  ,41,2023,총인구수,13630821
강원도  ,42,2023,총인구수,1527807
충청북도  ,43,2023,총인구수,1593469
충청남도  ,44,2023,총인구수,2130119
전라북도  ,45,2023,총인구수,1754757
전라남도  ,46,2023,총인구수,1804217
경상북도  ,47,2023,총인구수,2554324
경상남도  ,48,2023,총인구수,3251158
제주특별자치도  ,50,2023,총인구수,675252
서울특별시  ,11,2023,세대수,4469417
부산광역시  ,26,2023,세대수,1564588
대구광역시  ,27,2023,세대수,1094148
인천광역시  ,28,2023,세대수,1350912
광주광역시  ,29,2023,세대수,655433
대전광역시  ,30,2023,세대수,680261
울산광역시  ,31,2023,세대수,490690
세종특별자치시  ,36,2023,세대수,160835
경기도  ,41,2023,세대수,5978724
강원도  ,42,2023,세대수,760635
충청북도  ,43,2023,세대수,779967
충청남도  ,44,2023,세대수,1035449
전라북도  ,45,2023,세대수,861193
전라남도  ,46,2023,세대수,911442
경상북도  ,47,2023,세대수,1282500
경상남도  ,48,2023,세대수,1525502
제주특별자치도  ,50,2023,세대수,313155
서울특별시  ,11,2023,남자 인구수,4540031
부산광역시  ,26,2023,남자 인구수,1605431
대구광역시  ,27,2023,남자 인구수,1166803
인천광역시  ,28,2023,남자 인구수,1499016
광주광역시  ,29,2023,남자 인구수,700896
대전광역시  ,30,2023,남자 인구수,719292
울산광역시  ,31,2023,남자 인구수,567153
세종특별자치시  ,36,2023,남자 인구수,192524
경기도  ,41,2023,남자 인구수,6855895
강원도  ,42,2023,남자 인구수,768449
충청북도  ,43,2023,남자 인구수,810448
충청남도  ,44,2023,남자 인구수,1091570
전라북도  ,45,2023,남자 인구수,873419
전라남도  ,46,2023,남자 인구수,909548
경상북도  ,47,2023,남자 인구수,1290298
경상남도  ,48,2023,남자 인구수,1636987
제주특별자치도  ,50,2023,남자 인구수,337976
서울특별시  ,11,2023,여자 인구수,4846003
부산광역시  ,26,2023,여자 인구수,1687931
대구광역시  ,27,2023,여자 인구수,1208157
인천광역시  ,28,2023,여자 인구수,1498394
광주광역시  ,29,2023,여자 인구수,718341
대전광역시  ,30,2023,여자 인구수,722924
울산광역시  ,31,2023,여자 인구수,536508
세종특별자치시  ,36,2023,여자 인구수,194001
경기도  ,41,2023,여자 인구수,6774926
강원도  ,42,2023,여자 인구수,759358
충청북도  ,43,2023,여자 인구수,783021
충청남도  ,44,2023,여자 인구수,1038549
전라북도  ,45,2023,여자 인구수,881338
전라남도  ,46,2023,여자 인구수,894669
경상북도  ,47,2023,여자 인구수,1264026
경상남도  ,48,2023,여자 인구수,1614171
제주특별자치도  ,50,2023,여자 인구수,337276
